{
"localdev":
{
    "API_BASE_URL": "http://localhost:4000",
    "REACT_APP_WSO2_BASEURL":"https://172.16.200.197:9443",
    "REACT_APP_OAUTH_CLIENT_ID":"lHVC9RJyKlIv9m4luC1xQSiqHjEa"
},
"dev": 
{
    "API_BASE_URL": "http://integra-net4/iDashboardWSO2DemoAPI",
    "REACT_APP_WSO2_BASEURL":"https://172.16.200.197:9443",
    "REACT_APP_OAUTH_CLIENT_ID":"lHVC9RJyKlIv9m4luC1xQSiqHjEa"
},
"demo": 
{
    "API_BASE_URL": "http://integra-net4/iDashboardWSO2API",
    "REACT_APP_WSO2_BASEURL":"https://172.16.200.197:9443",
    "REACT_APP_OAUTH_CLIENT_ID":"lHVC9RJyKlIv9m4luC1xQSiqHjEa"
},
"live":
{
    "API_BASE_URL": "http://is-srv073:8080",
    "REACT_APP_WSO2_BASEURL":"https://cas.integra.co.in",
    "REACT_APP_OAUTH_CLIENT_ID":"KIwU8gNh9aeJFB3PqfJbzUplZBIa"
},
"test":
{
    "API_BASE_URL": "http://integra-net4/iDashboardapi" ,
    "REACT_APP_WSO2_BASEURL":"https://172.16.200.197:9443",
    "REACT_APP_OAUTH_CLIENT_ID":"lHVC9RJyKlIv9m4luC1xQSiqHjEa"
}
}